Query,Chunk,Answer
What is the net purchase of shares for share schemes  and proceeds on issue of shares for the year 2024?,,The net purchase of shares for share schemes for the year 2024 is $(9.3)m. The proceeds on issue of shares for the year 2024 is $72.3m.
What is the effect of foreign exchange rate changes on cash for 2024?,,$1.6m
" Can you provide a breakdown of FY2024 expenses covering operating costs, research and development, depreciation, amortisation, key management pay, and foreign exchange movements?",,"*   **Operating costs:**
    *   Adjusting items: $19.5m (Page 150)
    *   Share-based payment charge: $6.3m (Page 150)
*   **Research and development costs:** $4.4m (Page 152)
    *   Employment costs: $2.5m (Page 151)
    *   Raw materials and consultancy: $1.7m (Page 151)
    *   Other costs: $0.2m (Page 151)
*   **Depreciation:**
    *   Property, plant, and equipment: $12.3m (Page 151, 152)
    *   Right-of-use assets: $7.4m (Page 151, 152)
    *   Non-acquired intangibles: $21.9m (Page 150)
        *   North America: $8.9m (Page 150)
        *   Asia: $4.4m (Page 150)
        *   Europe: $8.5m (Page 150)
        *   Central: $0.1m (Page 150)
*   **Amortisation:**
    *   Intangible assets not acquired in a business combination: $2.2m (Page 151)
    *   Intangible assets: $15.6m (Page 152)
    *   Debt issue costs: $0.7m (Page 152)
*   **Key management pay:** $6.2m (Page 154)
    *   Short-term employee benefits: $2.3m (Page 154)
    *   Social security costs: $0.9m (Page 154)
    *   Post-employment benefits: $0.1m (Page 154)
    *   Share-based payment charge: $2.9m (Page 154)
*   **Foreign exchange movements:**
    *   Net foreign exchange loss: $2.3m (Page 152)"
How much is reported for freehold and long leasehold land and buildings in 2024?,,"I am sorry, but I cannot answer the question about freehold and long leasehold land and buildings in 2024. The provided text does not have information on this topic."
What is the value of leased assets reported for 2024,,"There is no explicit mention of the value of leased assets in 2024. However, depreciation of right-of-use assets was $7.4m in 2024."
"show other payables, accurals and deffered income for year 2024",,"Other payables for the year 2024 is $101.4m (current) and $26.9m (non-current). The provided text doesn't specify ""accurals"" or ""deferred income"" separately within other payables."
 show the deferred tax liabilities in 2024,,"There is no mention of deferred tax liabilities. However, the deferred tax assets include $2.8m (2023: $2.6m)."
What date is used as the financial position date in Volex’s 2024 consolidated statements?,,31 March 2024
"What is the total amount due within one year from group companies and related parties, including any preference share receivables, as reported in the 2024 financial statements? ",,"The provided documents do not contain the total amount due within one year from group companies and related parties, including any preference share receivables, as reported in the 2024 financial statements."
 What is the value of derivative financial instruments for the year 2024?,,"I am sorry, but the provided text does not contain the value of derivative financial instruments for the year 2024."
what is the value of plant and machinery at 2024,,The provided document chunks do not contain the value of plant and machinery at 2024.
show the value of Right-of-use-assets,,"I am sorry, but the provided chunks do not contain the value of Right-of-use-assets."
What is the total value of deferred tax assets for 2024?,,$2.8m
What is the value of the retirement benefit asset for 2024?,,$0.4m
What is the value of derivative financial instruments in the 2024,,"Derivative financial instruments for the year 2024 is $1.5m and for 2023 is $0.9m, which can be referred from notes 31.
Derivative financial instruments for the year 2024 is $1.0m and for 2023 is $0.9m, which can be referred from notes 31.
Derivative financial instruments for the year 2024 is $0.4m and there is no data for 2023, which can be referred from notes 31."
What is the amount of other receivables in 2024?,,The provided documents do not contain information about the amount of other receivables in 2024.
 What is the value of other intangible assets for 2024?,,"I am sorry, but I cannot answer this question. The provided information does not contain the value of other intangible assets for 2024."
 What is the value of lease liabilities for 2024?,,The provided documents do not contain the value of lease liabilities for 2024.
What is the amount of provisions for 2024?,,$174.3m
 What is the amount of derivative financial instruments 2024?,,The provided documents do not contain information about the amount of derivative financial instruments for 2024.
What is the value of total borrowings in 2024?,,New bank loans raised for the year 2024 is $129.9m and Repayment of borrowings for the year 2024 is $(79.0)m.
 What is the value of lease liabilities in 2024?,,The provided documents do not contain specific values for lease liabilities in 2024.
What is the amount of deferred tax liabilities for the year 2024?,,"I am sorry, but I cannot answer this question. The provided documents contain information regarding deferred tax assets, but not deferred tax liabilities."
What amount is disclosed as the retirement benefit obligation for the year 2024?,,"The content does not contain the exact amount of the retirement benefit obligation for the year 2024. However, it does state that the retirement benefit obligations recognized in the consolidated statement of financial position represents the deficit or surplus in the Group’s defined benefit scheme."
What amount is reported as other payables for the year 2024?,,$1.1m
 What amount is reported as share capital for the year 2024?,,$69.6m
What amount is reported under the share premium account for the year 2024?,,$62.0m
What amount is reported as retained earnings for 2024?,,$327.2m
What amount is reported under own shares for the year 2024?,,$211.3m